Tenor,DV01
2Y,1089.863606412414
5Y,1089.863606412414
10Y,1089.863606412414
30Y,1089.863606412414
