Total PV,Total DV01,Total Convexity,Number of Positions
24936134.578086965,4359.454425649656,217.97272128248278,10
