Historical VaR 95%,Historical VaR 99%,Historical ES 95%,Historical ES 99%,Monte Carlo VaR 95%,Monte Carlo VaR 99%
11988.499670536592,33120.9549988733,19345.07901382038,33785.77179878489,13187.349637590252,36433.05049876063
