Historical VaR 95%,Historical VaR 99%,Historical ES 95%,Historical ES 99%,Monte Carlo VaR 95%,Monte Carlo VaR 99%
11988.499670411536,33120.954998527806,19345.079013618586,33785.77179843246,13187.349637452691,36433.05049838059
