Tenor,DV01
2Y,1089.8636064010452
5Y,1089.8636064010452
10Y,1089.8636064010452
30Y,1089.8636064010452
