Scenario,P&L
Parallel +100bp,-435945.4425649656
Parallel -100bp,435945.4425649656
2s10s Steepener,-27246.59016031035
2s10s Flattener,27246.59016031035
Twist around 5Y,-54493.1803206207
Front-end Sell-off,-147131.5868656759
Long-end Rally,168928.85899392416
Bear Flattener,-250668.62947485523
Bull Steepener,250668.62947485523
