Scenario,P&L
Parallel +100bp,-435945.4425604181
Parallel -100bp,435945.4425604181
2s10s Steepener,-27246.59016002613
2s10s Flattener,27246.59016002613
Twist around 5Y,-54493.18032005226
Front-end Sell-off,-147131.5868641411
Long-end Rally,168928.85899216202
Bear Flattener,-250668.6294722404
Bull Steepener,250668.6294722404
