Total PV,Total DV01,Total Convexity,Number of Positions
24936134.578050084,4359.454425604181,217.97272128020904,10
