Scenario,P&L
Parallel +100bp,-510945.4424528416
Parallel -100bp,510945.4424528416
2s10s Steepener,-31934.0901533026
2s10s Flattener,31934.0901533026
Twist around 5Y,-63868.1803066052
Front-end Sell-off,-172444.08682783402
Long-end Rally,197991.35895047613
Bear Flattener,-293793.62941038393
Bull Steepener,293793.62941038393
