NSS_beta0,NSS_beta1,NSS_beta2,NSS_beta3,NSS_lambda1,NSS_lambda2
0.047840325016848664,0.0068149640522108595,0.012464105822552156,-0.03290946149090436,1.500030011671262,3.000228974905356
