Historical VaR 95%,Historical VaR 99%,Historical ES 95%,Historical ES 99%,Monte Carlo VaR 95%,Monte Carlo VaR 99%
196713.99534434403,319851.84697547875,329559.8103820828,715323.6194339782,216385.39487877846,351837.0316730267
