pv,dv01
10848515.861312171,5173.453979110345
