Tenor,DV01
2Y,1277.363606132104
5Y,1277.363606132104
10Y,1277.363606132104
30Y,1277.363606132104
