Total PV,Total DV01,Total Convexity,Number of Positions
24974478.212700114,5109.454424528416,255.47272122642082,12
